freq,freq_label,group_id,n_channels,n_bins,duration_days,median_reads_per_bin,empty_bin_pct,undersampled_bin_pct,residual_iqr,spike_suppression_ratio,signal_retention_r,diurnal_power_frac,tidal_power_frac,nyquist_period_h,event_survival_pct,n_events_1min,composite_score
1min,1min,florida_keys::FL1,3,961,0.6667,1440.0000,0.0000,0.0000,0.0124,1.0000,1.0000,,389.6771,0.0333,66.6667,3,0.7500
2min,2min,florida_keys::FL1,3,481,0.6667,2880.0000,0.0000,0.0000,0.0000,,0.9997,,194.9147,0.0667,66.6667,3,0.9365
5min,5min,florida_keys::FL1,3,193,0.6667,7200.0000,0.0000,0.0000,0.0000,,0.9986,,78.1998,0.1667,33.3333,3,0.8705
10min,10min,florida_keys::FL1,3,97,0.6667,14400.0000,0.0000,0.0000,0.0000,,0.9965,,39.3334,0.3333,0.0000,3,0.8016
15min,15min,florida_keys::FL1,3,65,0.6667,21600.0000,0.0000,0.0000,0.0000,,0.9938,,26.3444,0.5000,0.0000,3,0.7931
60min,1hour,florida_keys::FL1,3,17,0.6667,86400.0000,0.0000,0.0000,0.0000,,0.9454,,,,0.0000,3,0.5226
1min,1min,florida_keys::FL2,3,1081,0.7500,1440.0000,0.0000,0.0000,0.0000,,1.0000,,318.8048,0.0333,83.3333,6,0.9687
2min,2min,florida_keys::FL2,3,541,0.7500,2880.0000,0.0000,0.0000,0.0000,,0.9995,,159.4055,0.0667,50.0000,6,0.9047
5min,5min,florida_keys::FL2,3,217,0.7500,7200.0000,0.0000,0.0000,0.0000,,0.9982,,63.7714,0.1667,50.0000,6,0.9007
10min,10min,florida_keys::FL2,3,109,0.7500,14400.0000,0.0000,0.0000,0.0000,,0.9958,,31.8538,0.3333,0.0000,6,0.7995
15min,15min,florida_keys::FL2,3,73,0.7500,21600.0000,0.0000,0.0000,0.0000,,0.9942,,21.0677,0.5000,0.0000,6,0.7943
60min,1hour,florida_keys::FL2,3,19,0.7500,86400.0000,0.0000,0.0000,0.0000,,0.9581,,,,0.0000,6,0.5755
1min,1min,florida_keys::FL3,3,1081,0.7500,1440.0000,0.0000,0.0000,0.0000,,1.0000,,321.1584,0.0333,42.8571,7,0.8929
2min,2min,florida_keys::FL3,3,541,0.7500,2880.0000,0.0000,0.0000,0.0000,,0.9987,,160.8874,0.0667,85.7143,7,0.9693
5min,5min,florida_keys::FL3,3,217,0.7500,7200.0000,0.0000,0.0000,0.0000,,0.9957,,64.7988,0.1667,42.8571,7,0.8795
10min,10min,florida_keys::FL3,3,109,0.7500,14400.0000,0.0000,0.0000,0.0000,,0.9920,,32.7576,0.3333,0.0000,7,0.7875
15min,15min,florida_keys::FL3,3,73,0.7500,21600.0000,0.0000,0.0000,0.0000,,0.9879,,22.0762,0.5000,14.2857,7,0.8016
60min,1hour,florida_keys::FL3,3,19,0.7500,86400.0000,0.0000,0.0000,0.5977,,0.9345,,,,0.0000,7,0.4769
1min,1min,florida_keys::FL4,3,841,0.5833,1440.0000,0.0000,0.0000,0.0000,,1.0000,,458.9383,0.0333,25.0000,4,0.8594
2min,2min,florida_keys::FL4,3,421,0.5833,2880.0000,0.0000,0.0000,0.0000,,0.9997,,229.4973,0.0667,25.0000,4,0.8584
5min,5min,florida_keys::FL4,3,169,0.5833,7200.0000,0.0000,0.0000,0.0000,,0.9989,,92.0792,0.1667,75.0000,4,0.9497
10min,10min,florida_keys::FL4,3,85,0.5833,14400.0000,0.0000,0.0000,0.0000,,0.9967,,46.3549,0.3333,0.0000,4,0.8021
15min,15min,florida_keys::FL4,3,57,0.5833,21600.0000,0.0000,0.0000,0.0000,,0.9947,,30.9908,0.5000,0.0000,4,0.7960
60min,1hour,florida_keys::FL4,3,15,0.5833,86400.0000,0.0000,0.0000,0.0047,,0.9634,,,,25.0000,4,0.6602
